id;title;name;gender;employee_code;phone_number;joiningdate;date_of_birth;designation;employee_type;adhaar_number;pan;signiture
1;Shri;Savings Account Dam;Female;alarm;Tasty Metal Bacon;2020-04-02T05:36:00;2020-04-02T23:01:45;AEO;Permanent;intangible;enable Gorgeous Frozen Pants;Common
2;Mrs;HDD;Others;access Intelligent;Monitored Bahamian Dollar Investment Account;2020-04-02T08:07:43;2020-04-03T03:17:59;AEO;Permanent;Costa Rica Mayotte;Industrial;connect Markets Chief
3;Mrs;Aruba;Others;compelling mission-critical;bifurcated scalable;2020-04-03T00:09:32;2020-04-03T02:20:09;AO;Contract;monitor;1080p Checking Account Identity;Frozen IB
4;Mrs;Lempira;Others;Junction Frozen;synthesizing hard drive Robust;2020-04-02T21:58:46;2020-04-02T16:16:27;DAO;Permanent;Outdoors;Harbor Montana;Corporate Phased relationships
5;Shri;JSON;Others;digital maroon;EXE projection Fresh;2020-04-02T19:34:27;2020-04-02T20:29:35;AO;Contract;supply-chains magenta;encompassing;Directives
6;Mrs;facilitate Tasty Concrete Chips Exclusive;Male;Personal Loan Account;paradigms Home;2020-04-02T19:50:37;2020-04-02T06:19:37;DAO;Contract;navigate;Re-contextualized;web-enabled invoice withdrawal
7;Mr;Bedfordshire;Female;Future-proofed deposit Sausages;disintermediate Cambridgeshire hacking;2020-04-02T11:54:32;2020-04-02T19:56:23;AEO;Contract;Macao Equatorial Guinea Vision-oriented;Agent;Human deposit
8;Shri;SCSI drive THX;Female;Tools Unbranded;Supervisor clear-thinking;2020-04-02T20:47:47;2020-04-02T14:57:20;AEO;Permanent;circuit navigate;program alarm;Nevada
9;Mrs;Ergonomic;Others;withdrawal cross-platform Borders;Libyan Dinar CSS;2020-04-02T22:36:03;2020-04-02T10:47:11;DAO;Contract;Response Human;back up Factors;architectures
10;Mr;fuchsia eco-centric;Others;UIC-Franc Arkansas Intelligent;Zambian Kwacha intuitive;2020-04-02T22:01:31;2020-04-02T15:41:07;AO;Permanent;redundant;Synergistic Personal Loan Account Sleek;Borders
