id;title;name;gender;farmer_type;adhaar_number;pan;phone_number;signiture;address;house_number;street;landmark;village;tehsil;district;pincode;khata_number;survey_number;bankbook_scan_image_url;account_holder_name_as_per_bank;account_number;ifsc;bank_name;branch
1;Mr;Money Market Account;Others;Lease;Austria mindshare EXE;bandwidth Liaison;program Auto Loan Account Refined;infomediaries;Fantastic Fresh Salad;Steel Avon Visionary;Stracke Pass;SAS User-centric;Planner navigate repurpose;Buckinghamshire;Oklahoma communities;array supply-chains Advanced;Parkway Handmade Wooden Cheese;quantifying;synthesize Idaho Markets;Glen Refined;Mandatory Assistant;Strategist;Incredible Fresh Car Tuvalu;Senior Optional Yemeni Rial
2;Mrs;Dalasi;Female;Lease;brand Generic B2B;olive;facilitate Persevering;Fantastic;zero defect Ridges Beauty;groupware;Marlee Stravenue;Keyboard;Licensed Usability models;Personal Loan Account markets;SCSI Aruba Chair;drive online;Liaison engage navigate;Assistant generating;Practical Steel Shirt Plastic Movies;SMS;Zimbabwe parse Customer;input Accounts;enhance Multi-channelled purple;Response
3;Shri;Fantastic Concrete Computer Baby;Female;Self;California PNG engage;Burg;transmit Credit Card Account;digital Corporate Checking Account;seamless New York mesh;Unbranded array;Itzel Orchard;Regional middleware Switzerland;Data Granite Configuration;compress Practical Steel Chips;Berkshire concept;Illinois robust;Granite Rubber;enable;deposit Chicken best-of-breed;RSS Buckinghamshire Officer;teal Licensed Wooden Pants;e-business;Awesome;Kiribati
4;Mrs;Lempira;Female;Lease;streamline Home SAS;quantify;Manager;cultivate Bedfordshire;navigate Kiribati;bypass Games Customer-focused;Solon Road;Buckinghamshire Antarctica (the territory South of 60 deg S) Refined;back-end enhance;optimal;Chair Kentucky;blue internet solution Concrete;distributed Ranch impactful;Berkshire Awesome;pixel Pennsylvania;architectures Cotton;viral;payment Illinois dot-com;methodology Integration Music;Pants
5;Shri;Gorgeous;Female;Self;Fresh incubate Agent;Jewelery Engineer Bedfordshire;Tanzanian Shilling Assurance Nebraska;Gardens synthesizing;silver;system;Myah Extensions;Bouvet Island (Bouvetoya);Auto Loan Account asymmetric Montana;Applications;Montenegro;frictionless;Rubber Awesome Frozen Mouse;Trinidad and Tobago Dollar;Customer-focused;Shoes Rubber Mall;users scalable;transmitting parse infrastructures;matrix Implementation Shirt;Mobility
6;Shri;indigo Bacon Mouse;Male;Self;Central Money Market Account;index Borders;customized;synthesize Bahrain;Pre-emptive Bouvet Island (Bouvetoya) experiences;Credit Card Account;Broderick Hill;optical;Borders reboot;mobile Cheese;program;hack Electronics Oklahoma;Cambridgeshire navigate Licensed;Fantastic indexing;Investment Account;haptic Shoes;models;driver payment Mexican Peso Mexican Unidad de Inversion (UDI);port Money Market Account;Chips National Idaho
7;Mrs;Customer;Female;Self;Security Virginia;solid state Clothing deposit;Maine Checking Account markets;Unbranded programming District;Concrete;Pizza yellow programming;Elvie Highway;Persistent Investment Account;Handmade Plastic Mouse neural;Money Market Account;synergize;JSON National;interactive capacitor;Idaho Grocery;Concrete Towels Avon;Automotive frame;Indiana deposit Electronics;Bedfordshire Strategist;Towels applications;Zimbabwe
8;Mrs;Fantastic Soft Table;Female;Self;grow;New Jersey Gorgeous Soft Fish Mountain;Japan Knoll;Rhode Island Computer;user-centric;Mobility;Glover Islands;payment schemas Industrial;calculating;withdrawal Toys white;olive;Kids Incredible;Florida THX Idaho;Licensed Visionary pixel;neural Markets Branding;maroon;superstructure;Kids;microchip;Music Salad North Carolina
9;Mrs;end-to-end navigating;Female;Lease;context-sensitive Metrics transmit;Fresh;Cambridgeshire Central;Table Avon Bedfordshire;Peru withdrawal Down-sized;invoice;Brenna Land;Corporate Lari;Sports Global Soft;Bedfordshire Awesome Cotton Tuna;calculating yellow;Wooden;Future;pixel Phased payment;Towels Internal;seize generate;Fantastic Wooden Chips microchip;Generic;Business-focused generate grid-enabled;International card
10;Mrs;Research sensor black;Male;Self;Pants Auto Loan Account;Incredible Incredible;supply-chains feed Investment Account;Centralized bypassing;Clothing Engineer Toys;granular;Terrance Common;Soft Quality Mount;Awesome;USB alarm 1080p;feed invoice;Triple-buffered Borders magenta;Tasty Metal Chair Handcrafted Rubber Sausages Officer;Mississippi Product;Metal;complexity Direct Administrator;online program Refined Granite Gloves;quantifying Baby;one-to-one Connecticut;Unbranded Tugrik
